/*
# boardid: 57135124
# connectionId: 1
# repo name: githubuser/newrepo
# starting issue id: 17888506106
# starting key: 2112
# creator id: 888888
# creator name: githubuser
# created date: 2023-4-20 11:9:20.916
 */

-- cleanup
DELETE FROM boards WHERE boards._raw_data_remark = 'DELETE_THIS';
DELETE FROM repos WHERE repos._raw_data_remark = 'DELETE_THIS';
DELETE FROM issues WHERE issues.epic_key = 'DELETE_THIS';
DELETE FROM board_issues WHERE board_issues._raw_data_remark = 'DELETE_THIS';
DELETE FROM pull_requests WHERE pull_requests._raw_data_remark = 'DELETE_THIS';

-- create the board, and repo (DO ONCE)
INSERT INTO boards (id, created_at, updated_at, _raw_data_params, _raw_data_table, _raw_data_id, _raw_data_remark, name, description, url, created_date, type)
values ('github:GithubRepo:1:57135124', '2023-06-20 10:58:22.201', '2023-06-20 10:58:22.201', '', '', 1, 'DELETE_THIS', 'githubuser/newrepo', '', 'https://github.com/githubuser/newrepo/issues', '2023-06-20 10:58:22.201', '');

INSERT INTO repos (id, created_at, updated_at, _raw_data_params, _raw_data_table, _raw_data_id, _raw_data_remark, name, url, description, owner_id, language, forked_from, created_date, updated_date, deleted)
VALUES ('github:GithubRepo:1:57135124', '2023-06-21 14:14:02.955', '2023-06-23 13:20:07.298', '{"ConnectionId":1,"Name":"githubuser/newrepo"}', '_raw_github_graphql_repos', 1, 'DELETE_THIS', 'githubuser/newrepo', '', '', 'github:GithubAccount:1:888888', 'JavaScript', '', '2023-06-22 14:55:08.063', '2023-06-22 14:55:08.063', 0);

-- insert issues
INSERT INTO issues (id, created_at, updated_at, _raw_data_params, _raw_data_table, _raw_data_id, _raw_data_remark, url, icon_url, issue_key, title, description, epic_key, type, status, original_status, resolution_date, created_date, updated_date, parent_issue_id, priority, original_estimate_minutes, time_spent_minutes, time_remaining_minutes, creator_id, creator_name, assignee_id, assignee_name, severity, component, lead_time_minutes, original_project, original_type, story_point ) VALUES ('github:GithubIssue:1:17888506100','2023-5-22 11:9:20.916','2023-5-22 11:9:20.916','{"ConnectionId":1,"Name":"githubuser/newrepo"}','_raw_github_graphql_issues','45','','https://github.com/githubuser/demo1/issues/17888506104','','2100','other title 0','other desc 0','DELETE_THIS','','DONE','CLOSED','2023-5-23 11:9:20.916','2023-5-22 11:9:20.916','2023-5-22 11:9:20.916','','',0,0,0,'github:GithubAccount:1:9703399','githubuser1','github:GithubAccount:1:0','','','',0,'','',0);

INSERT INTO board_issues (board_id, issue_id, created_at, updated_at, _raw_data_params, _raw_data_table, _raw_data_id, _raw_data_remark) VALUES ('github:GithubRepo:1:57135124','github:GithubIssue:1:17888506100','2023-5-22 11:9:20.916','2023-5-22 11:9:20.916','{"ConnectionId":1,"Name":"githubuser/newrepo"}','_raw_github_graphql_issues','46','DELETE_THIS');

INSERT INTO issues (id, created_at, updated_at, _raw_data_params, _raw_data_table, _raw_data_id, _raw_data_remark, url, icon_url, issue_key, title, description, epic_key, type, status, original_status, resolution_date, created_date, updated_date, parent_issue_id, priority, original_estimate_minutes, time_spent_minutes, time_remaining_minutes, creator_id, creator_name, assignee_id, assignee_name, severity, component, lead_time_minutes, original_project, original_type, story_point ) VALUES ('github:GithubIssue:1:17888506101','2023-5-22 11:9:20.916','2023-5-22 11:9:20.916','{"ConnectionId":1,"Name":"githubuser/newrepo"}','_raw_github_graphql_issues','45','','https://github.com/githubuser/demo1/issues/17888506105','','2101','other title 1','other desc 1','DELETE_THIS','','DONE','CLOSED','2023-5-23 11:9:20.916','2023-5-22 11:9:20.916','2023-5-22 11:9:20.916','','',0,0,0,'github:GithubAccount:1:9703399','githubuser1','github:GithubAccount:1:0','','','',0,'','',0);

INSERT INTO board_issues (board_id, issue_id, created_at, updated_at, _raw_data_params, _raw_data_table, _raw_data_id, _raw_data_remark) VALUES ('github:GithubRepo:1:57135124','github:GithubIssue:1:17888506101','2023-5-22 11:9:20.916','2023-5-22 11:9:20.916','{"ConnectionId":1,"Name":"githubuser/newrepo"}','_raw_github_graphql_issues','46','DELETE_THIS');

INSERT INTO issues (id, created_at, updated_at, _raw_data_params, _raw_data_table, _raw_data_id, _raw_data_remark, url, icon_url, issue_key, title, description, epic_key, type, status, original_status, resolution_date, created_date, updated_date, parent_issue_id, priority, original_estimate_minutes, time_spent_minutes, time_remaining_minutes, creator_id, creator_name, assignee_id, assignee_name, severity, component, lead_time_minutes, original_project, original_type, story_point )
VALUES ('github:GithubIssue:1:17888506102','2023-5-22 11:9:20.916','2023-5-22 11:9:20.916','{"ConnectionId":1,"Name":"githubuser/newrepo"}','_raw_github_graphql_issues','45','','https://github.com/githubuser/demo1/issues/17888506106','','2102','other title 2','other desc 2','DELETE_THIS','','DONE','CLOSED','2023-5-23 11:9:20.916','2023-5-22 11:9:20.916','2023-5-22 11:9:20.916','','',0,0,0,'github:GithubAccount:1:9703399','githubuser1','github:GithubAccount:1:0','','','',0,'','',0);

INSERT INTO board_issues (board_id, issue_id, created_at, updated_at, _raw_data_params, _raw_data_table, _raw_data_id, _raw_data_remark) VALUES ('github:GithubRepo:1:57135124','github:GithubIssue:1:17888506102','2023-5-22 11:9:20.916','2023-5-22 11:9:20.916','{"ConnectionId":1,"Name":"githubuser/newrepo"}','_raw_github_graphql_issues','46','DELETE_THIS');

INSERT INTO issues (id, created_at, updated_at, _raw_data_params, _raw_data_table, _raw_data_id, _raw_data_remark, url, icon_url, issue_key, title, description, epic_key, type, status, original_status, resolution_date, created_date, updated_date, parent_issue_id, priority, original_estimate_minutes, time_spent_minutes, time_remaining_minutes, creator_id, creator_name, assignee_id, assignee_name, severity, component, lead_time_minutes, original_project, original_type, story_point )
VALUES ('github:GithubIssue:1:17888506103','2023-5-23 11:9:20.916','2023-5-23 11:9:20.916','{"ConnectionId":1,"Name":"githubuser/newrepo"}','_raw_github_graphql_issues','45','','https://github.com/githubuser/demo1/issues/17888506107','','2109','other title 0','other desc 0','DELETE_THIS','','DONE','CLOSED','2023-5-26 11:9:20.916','2023-5-22 11:9:20.916','2023-5-22 11:9:20.916','','',0,0,0,'github:GithubAccount:1:9703399','githubuser1','github:GithubAccount:1:0','','','',0,'','',0);

INSERT INTO board_issues (board_id, issue_id, created_at, updated_at, _raw_data_params, _raw_data_table, _raw_data_id, _raw_data_remark)
VALUES ('github:GithubRepo:1:57135124','github:GithubIssue:1:17888506103','2023-5-22 11:9:20.916','2023-5-22 11:9:20.916','{"ConnectionId":1,"Name":"githubuser/newrepo"}','_raw_github_graphql_issues','46','DELETE_THIS');

INSERT INTO issues (id, created_at, updated_at, _raw_data_params, _raw_data_table, _raw_data_id, _raw_data_remark, url, icon_url, issue_key, title, description, epic_key, type, status, original_status, resolution_date, created_date, updated_date, parent_issue_id, priority, original_estimate_minutes, time_spent_minutes, time_remaining_minutes, creator_id, creator_name, assignee_id, assignee_name, severity, component, lead_time_minutes, original_project, original_type, story_point )
VALUES ('github:GithubIssue:1:178885061040','2023-6-23 11:53:57.905','2023-6-23 11:53:57.905','{"ConnectionId":1,"Name":"githubuser/newrepo"}','_raw_github_graphql_issues','46','','https://github.com/githubuser/newrepo/issues/178885061040','','21100','handle null 0','handle null 0','DELETE_THIS','','TODO','OPEN',null,'2023-6-23 11:53:57.905','2023-6-23 11:53:57.905','','',0,0,0,'github:GithubAccount:1:888888','githubuser','github:GithubAccount:1:0','','','',0,'','',0);

INSERT INTO board_issues (board_id, issue_id, created_at, updated_at, _raw_data_params, _raw_data_table, _raw_data_id, _raw_data_remark) VALUES ('github:GithubRepo:1:57135124','github:GithubIssue:1:178885061040','2023-6-23 11:53:57.905','2023-6-23 11:53:57.905','{"ConnectionId":1,"Name":"githubuser/newrepo"}','_raw_github_graphql_issues','46','DELETE_THIS');

INSERT INTO issues (id, created_at, updated_at, _raw_data_params, _raw_data_table, _raw_data_id, _raw_data_remark, url, icon_url, issue_key, title, description, epic_key, type, status, original_status, resolution_date, created_date, updated_date, parent_issue_id, priority, original_estimate_minutes, time_spent_minutes, time_remaining_minutes, creator_id, creator_name, assignee_id, assignee_name, severity, component, lead_time_minutes, original_project, original_type, story_point ) VALUES ('github:GithubIssue:1:178885061041','2023-6-23 11:53:57.905','2023-6-23 11:53:57.905','{"ConnectionId":1,"Name":"githubuser/newrepo"}','_raw_github_graphql_issues','46','','https://github.com/githubuser/newrepo/issues/178885061041','','21101','handle null 1','handle null 1','DELETE_THIS','','TODO','OPEN',null,'2023-6-23 11:53:57.905','2023-6-23 11:53:57.905','','',0,0,0,'github:GithubAccount:1:888888','githubuser','github:GithubAccount:1:0','','','',0,'','',0);

INSERT INTO board_issues (board_id, issue_id, created_at, updated_at, _raw_data_params, _raw_data_table, _raw_data_id, _raw_data_remark) VALUES ('github:GithubRepo:1:57135124','github:GithubIssue:1:178885061041','2023-6-23 11:53:57.905','2023-6-23 11:53:57.905','{"ConnectionId":1,"Name":"githubuser/newrepo"}','_raw_github_graphql_issues','46','DELETE_THIS');

INSERT INTO issues (id, created_at, updated_at, _raw_data_params, _raw_data_table, _raw_data_id, _raw_data_remark, url, icon_url, issue_key, title, description, epic_key, type, status, original_status, resolution_date, created_date, updated_date, parent_issue_id, priority, original_estimate_minutes, time_spent_minutes, time_remaining_minutes, creator_id, creator_name, assignee_id, assignee_name, severity, component, lead_time_minutes, original_project, original_type, story_point )
VALUES ('github:GithubIssue:1:178885061060','2023-4-20 11:9:20.916','2023-4-20 11:9:20.916','{"ConnectionId":1,"Name":"githubuser/newrepo"}','_raw_github_graphql_issues','46','','https://github.com/githubuser/newrepo/issues/178885061060','','21120','title 0','desc 0','DELETE_THIS','','DONE','CLOSED','2023-4-24 11:9:20.916','2023-4-20 11:9:20.916','2023-4-20 11:9:20.916','','',0,0,0,'github:GithubAccount:1:githubuser','githubuser','github:GithubAccount:1:0','','','',0,'','',0);

INSERT INTO board_issues (board_id, issue_id, created_at, updated_at, _raw_data_params, _raw_data_table, _raw_data_id, _raw_data_remark)
VALUES ('github:GithubRepo:1:57135124','github:GithubIssue:1:178885061060','2023-4-20 11:9:20.916','2023-4-20 11:9:20.916','{"ConnectionId":1,"Name":"githubuser/newrepo"}','_raw_github_graphql_issues','46','DELETE_THIS');

INSERT INTO issues (id, created_at, updated_at, _raw_data_params, _raw_data_table, _raw_data_id, _raw_data_remark, url, icon_url, issue_key, title, description, epic_key, type, status, original_status, resolution_date, created_date, updated_date, parent_issue_id, priority, original_estimate_minutes, time_spent_minutes, time_remaining_minutes, creator_id, creator_name, assignee_id, assignee_name, severity, component, lead_time_minutes, original_project, original_type, story_point ) VALUES ('github:GithubIssue:1:1788850610620','2023-2-9 11:9:20.916','2023-2-9 11:9:20.916','{"ConnectionId":1,"Name":"githubuser/newrepo"}','_raw_github_graphql_issues','46','','https://github.com/githubuser/newrepo/issues/1788850610620','','211220','title 0','desc 0','DELETE_THIS','','TODO','OPEN',null,'2023-2-9 11:9:20.916','2023-2-9 11:9:20.916','','',0,0,0,'github:GithubAccount:1:888888','githubuser','github:GithubAccount:1:0','','','',0,'','',0);

INSERT INTO board_issues (board_id, issue_id, created_at, updated_at, _raw_data_params, _raw_data_table, _raw_data_id, _raw_data_remark) VALUES ('github:GithubRepo:1:57135124','github:GithubIssue:1:1788850610620','2023-2-9 11:9:20.916','2023-2-9 11:9:20.916','{"ConnectionId":1,"Name":"githubuser/newrepo"}','_raw_github_graphql_issues','46','DELETE_THIS');

INSERT INTO issues (id, created_at, updated_at, _raw_data_params, _raw_data_table, _raw_data_id, _raw_data_remark, url, icon_url, issue_key, title, description, epic_key, type, status, original_status, resolution_date, created_date, updated_date, parent_issue_id, priority, original_estimate_minutes, time_spent_minutes, time_remaining_minutes, creator_id, creator_name, assignee_id, assignee_name, severity, component, lead_time_minutes, original_project, original_type, story_point ) VALUES ('github:GithubIssue:1:1788850610630','2023-2-10 11:9:20.916','2023-2-10 11:9:20.916','{"ConnectionId":1,"Name":"githubuser/newrepo"}','_raw_github_graphql_issues','46','','https://github.com/githubuser/newrepo/issues/1788850610630','','211230','title 0','desc 0','DELETE_THIS','','TODO','OPEN',null,'2023-2-10 11:9:20.916','2023-2-10 11:9:20.916','','',0,0,0,'github:GithubAccount:1:888889','githubuser2','github:GithubAccount:1:0','','','',0,'','',0);

INSERT INTO board_issues (board_id, issue_id, created_at, updated_at, _raw_data_params, _raw_data_table, _raw_data_id, _raw_data_remark) VALUES ('github:GithubRepo:1:57135124','github:GithubIssue:1:1788850610630','2023-2-10 11:9:20.916','2023-2-10 11:9:20.916','{"ConnectionId":1,"Name":"githubuser/newrepo"}','_raw_github_graphql_issues','46','DELETE_THIS');

INSERT INTO issues (id, created_at, updated_at, _raw_data_params, _raw_data_table, _raw_data_id, _raw_data_remark, url, icon_url, issue_key, title, description, epic_key, type, status, original_status, resolution_date, created_date, updated_date, parent_issue_id, priority, original_estimate_minutes, time_spent_minutes, time_remaining_minutes, creator_id, creator_name, assignee_id, assignee_name, severity, component, lead_time_minutes, original_project, original_type, story_point ) VALUES ('github:GithubIssue:1:1788850610640','2023-2-9 11:9:20.916','2023-2-9 11:9:20.916','{"ConnectionId":1,"Name":"githubuser/newrepo"}','_raw_github_graphql_issues','46','','https://github.com/githubuser/newrepo/issues/1788850610640','','211240','title 0','desc 0','DELETE_THIS','','DONE','CLOSED','2023-2-12 11:11:20.916','2023-2-9 11:9:20.916','2023-2-9 11:9:20.916','','',0,0,0,'github:GithubAccount:1:888889','githubuser2','github:GithubAccount:1:0','','','',0,'','',0);

INSERT INTO board_issues (board_id, issue_id, created_at, updated_at, _raw_data_params, _raw_data_table, _raw_data_id, _raw_data_remark) VALUES ('github:GithubRepo:1:57135124','github:GithubIssue:1:1788850610640','2023-2-9 11:9:20.916','2023-2-9 11:9:20.916','{"ConnectionId":1,"Name":"githubuser/newrepo"}','_raw_github_graphql_issues','46','DELETE_THIS');

INSERT INTO issues (id, created_at, updated_at, _raw_data_params, _raw_data_table, _raw_data_id, _raw_data_remark, url, icon_url, issue_key, title, description, epic_key, type, status, original_status, resolution_date, created_date, updated_date, parent_issue_id, priority, original_estimate_minutes, time_spent_minutes, time_remaining_minutes, creator_id, creator_name, assignee_id, assignee_name, severity, component, lead_time_minutes, original_project, original_type, story_point ) VALUES ('github:GithubIssue:1:1788850610650','2023-4-1 11:9:20.916','2023-4-1 11:9:20.916','{"ConnectionId":1,"Name":"githubuser/newrepo"}','_raw_github_graphql_issues','46','','https://github.com/githubuser/newrepo/issues/1788850610650','','211250','title 0','desc 0','DELETE_THIS','','DONE','CLOSED','2023-4-1 11:11:20.916','2023-4-1 11:9:20.916','2023-4-1 11:9:20.916','','',0,0,0,'github:GithubAccount:1:888889','githubuser2','github:GithubAccount:1:0','','','',0,'','',0);

INSERT INTO board_issues (board_id, issue_id, created_at, updated_at, _raw_data_params, _raw_data_table, _raw_data_id, _raw_data_remark) VALUES ('github:GithubRepo:1:57135124','github:GithubIssue:1:1788850610650','2023-4-1 11:9:20.916','2023-4-1 11:9:20.916','{"ConnectionId":1,"Name":"githubuser/newrepo"}','_raw_github_graphql_issues','46','DELETE_THIS');

INSERT INTO issues (id, created_at, updated_at, _raw_data_params, _raw_data_table, _raw_data_id, _raw_data_remark, url, icon_url, issue_key, title, description, epic_key, type, status, original_status, resolution_date, created_date, updated_date, parent_issue_id, priority, original_estimate_minutes, time_spent_minutes, time_remaining_minutes, creator_id, creator_name, assignee_id, assignee_name, severity, component, lead_time_minutes, original_project, original_type, story_point ) VALUES ('github:GithubIssue:1:1788850610660','2023-3-1 11:9:20.916','2023-3-1 11:9:20.916','{"ConnectionId":1,"Name":"githubuser/newrepo"}','_raw_github_graphql_issues','46','','https://github.com/githubuser/newrepo/issues/1788850610660','','211260','title 0','desc 0','DELETE_THIS','','DONE','CLOSED','2023-3-1 11:11:20.916','2023-3-1 11:9:20.916','2023-3-1 11:9:20.916','','',0,0,0,'github:GithubAccount:1:888889','githubuser2','github:GithubAccount:1:0','','','',0,'','',0);

INSERT INTO board_issues (board_id, issue_id, created_at, updated_at, _raw_data_params, _raw_data_table, _raw_data_id, _raw_data_remark) VALUES ('github:GithubRepo:1:57135124','github:GithubIssue:1:1788850610660','2023-3-1 11:9:20.916','2023-3-1 11:9:20.916','{"ConnectionId":1,"Name":"githubuser/newrepo"}','_raw_github_graphql_issues','46','DELETE_THIS');

INSERT INTO issues (id, created_at, updated_at, _raw_data_params, _raw_data_table, _raw_data_id, _raw_data_remark, url, icon_url, issue_key, title, description, epic_key, type, status, original_status, resolution_date, created_date, updated_date, parent_issue_id, priority, original_estimate_minutes, time_spent_minutes, time_remaining_minutes, creator_id, creator_name, assignee_id, assignee_name, severity, component, lead_time_minutes, original_project, original_type, story_point ) VALUES ('github:GithubIssue:1:1788850610670','2023-1-1 11:9:20.916','2023-1-1 11:9:20.916','{"ConnectionId":1,"Name":"githubuser/newrepo"}','_raw_github_graphql_issues','46','','https://github.com/githubuser/newrepo/issues/1788850610670','','211270','title 0','desc 0','DELETE_THIS','','DONE','CLOSED','2023-1-1 11:11:20.916','2023-1-1 11:9:20.916','2023-1-1 11:9:20.916','','',0,0,0,'github:GithubAccount:1:888881','githubuser3','github:GithubAccount:1:0','','','',0,'','',0);

INSERT INTO board_issues (board_id, issue_id, created_at, updated_at, _raw_data_params, _raw_data_table, _raw_data_id, _raw_data_remark) VALUES ('github:GithubRepo:1:57135124','github:GithubIssue:1:1788850610670','2023-1-1 11:9:20.916','2023-1-1 11:9:20.916','{"ConnectionId":1,"Name":"githubuser/newrepo"}','_raw_github_graphql_issues','46','DELETE_THIS');

INSERT INTO issues (id, created_at, updated_at, _raw_data_params, _raw_data_table, _raw_data_id, _raw_data_remark, url, icon_url, issue_key, title, description, epic_key, type, status, original_status, resolution_date, created_date, updated_date, parent_issue_id, priority, original_estimate_minutes, time_spent_minutes, time_remaining_minutes, creator_id, creator_name, assignee_id, assignee_name, severity, component, lead_time_minutes, original_project, original_type, story_point ) VALUES ('github:GithubIssue:1:1788850610680','2023-1-2 11:9:20.916','2023-1-2 11:9:20.916','{"ConnectionId":1,"Name":"githubuser/newrepo"}','_raw_github_graphql_issues','46','','https://github.com/githubuser/newrepo/issues/1788850610680','','211280','title 0','desc 0','DELETE_THIS','','TODO','OPEN',null,'2023-1-2 11:9:20.916','2023-1-2 11:9:20.916','','',0,0,0,'github:GithubAccount:1:888881','githubuser3','github:GithubAccount:1:0','','','',0,'','',0);

INSERT INTO board_issues (board_id, issue_id, created_at, updated_at, _raw_data_params, _raw_data_table, _raw_data_id, _raw_data_remark) VALUES ('github:GithubRepo:1:57135124','github:GithubIssue:1:1788850610680','2023-1-2 11:9:20.916','2023-1-2 11:9:20.916','{"ConnectionId":1,"Name":"githubuser/newrepo"}','_raw_github_graphql_issues','46','DELETE_THIS');


-- PRs
INSERT INTO pull_requests (id,created_at,updated_at,_raw_data_params,_raw_data_table,_raw_data_id,_raw_data_remark,base_repo_id,head_repo_id,status,title,description,url,author_name,author_id,parent_pr_id,pull_request_key,created_date,merged_date,closed_date,type,component,merge_commit_sha,head_ref,base_ref,base_commit_sha,head_commit_sha)
VALUES ('github:GithubPullRequest:1:14039830000','2023-6-24 10:41:10.591','2023-6-24 10:41:10.591','{"ConnectionId":1,"Name":"githubuser/newrepo"}','_raw_github_graphql_prs','43','DELETE_THIS','github:GithubRepo:1:57135124','github:GithubRepo:1:0','OPEN','PR Title0','PR Description0','https://github.com/githubuser/newrepo/pull/1000','githubuser','888888','',1000,'2023-6-24 10:41:10.591',null,null,'','','','feat/asdf0','master','alsdfjakljdfljsakl','asldfkasldkfjskd');

INSERT INTO pull_requests (id,created_at,updated_at,_raw_data_params,_raw_data_table,_raw_data_id,_raw_data_remark,base_repo_id,head_repo_id,status,title,description,url,author_name,author_id,parent_pr_id,pull_request_key,created_date,merged_date,closed_date,type,component,merge_commit_sha,head_ref,base_ref,base_commit_sha,head_commit_sha)
VALUES ('github:GithubPullRequest:1:14039830001','2023-6-24 10:41:10.591','2023-6-24 10:41:10.591','{"ConnectionId":1,"Name":"githubuser/newrepo"}','_raw_github_graphql_prs','43','DELETE_THIS','github:GithubRepo:1:57135124','github:GithubRepo:1:0','OPEN','PR Title1','PR Description1','https://github.com/githubuser/newrepo/pull/1001','githubuser','888888','',1001,'2023-6-24 10:41:10.591',null,null,'','','','feat/asdf1','master','alsdfjakljdfljsakl','asldfkasldkfjskd');

INSERT INTO pull_requests (id,created_at,updated_at,_raw_data_params,_raw_data_table,_raw_data_id,_raw_data_remark,base_repo_id,head_repo_id,status,title,description,url,author_name,author_id,parent_pr_id,pull_request_key,created_date,merged_date,closed_date,type,component,merge_commit_sha,head_ref,base_ref,base_commit_sha,head_commit_sha)
VALUES ('github:GithubPullRequest:1:14039830020','2023-5-30 10:42:28.647','2023-5-30 10:42:28.647','{"ConnectionId":1,"Name":"githubuser/newrepo"}','_raw_github_graphql_prs','43','DELETE_THIS','github:GithubRepo:1:57135124','github:GithubRepo:1:0','CLOSED','PR Title0','PR Description0','https://github.com/githubuser/newrepo/pull/1020','githubuser','888888','',1020,'2023-5-30 10:42:28.647',null,'2023-6-02 10:42:28.648','','','','feat/asdf0','master','alsdfjakljdfljsakl','asldfkasldkfjskd');

INSERT INTO pull_requests (id,created_at,updated_at,_raw_data_params,_raw_data_table,_raw_data_id,_raw_data_remark,base_repo_id,head_repo_id,status,title,description,url,author_name,author_id,parent_pr_id,pull_request_key,created_date,merged_date,closed_date,type,component,merge_commit_sha,head_ref,base_ref,base_commit_sha,head_commit_sha)
VALUES ('github:GithubPullRequest:1:14039830030','2023-5-26 10:53:27.46)','2023-5-26 10:53:27.46)','{"ConnectionId":1,"Name":"githubuser/newrepo"}','_raw_github_graphql_prs','43','DELETE_THIS','github:GithubRepo:1:57135124','github:GithubRepo:1:0','MERGED','PR Title0','PR Description0','https://github.com/githubuser/newrepo/pull/1030','githubuser','888888','',1030,'2023-5-26 10:53:27.46)','2023-5-29 10:53:27.46)',null,'','','','feat/asdf0','master','alsdfjakljdfljsakl','asldfkasldkfjskd');

INSERT INTO pull_requests (id,created_at,updated_at,_raw_data_params,_raw_data_table,_raw_data_id,_raw_data_remark,base_repo_id, head_repo_id,status,title,description,url,author_name,author_id,parent_pr_id,pull_request_key,created_date, merged_date,closed_date,type,component,merge_commit_sha,head_ref,base_ref,base_commit_sha,head_commit_sha)
VALUES ('github:GithubPullRequest:1:14039830040','2023-4-10 11:9:20.916','2023-5-18 11:9:20.916','{"ConnectionId":1,"Name":"githubuser/newrepo"}', '_raw_github_graphql_prs','43','DELETE_THIS','github:GithubRepo:1:57135124','github:GithubRepo:1:0','MERGED','PR Title0','PR Description0', 'https://github.com/githubuser/newrepo/pull/1040','githubuser','888888','',1040,'2023-4-10 11:9:20.916','2023-4-12 11:9:20.916', null,'','','','feat/asdf0','master','alsdfjakljdfljsakl','asldfkasldkfjskd');

INSERT INTO pull_requests (id,created_at,updated_at,_raw_data_params,_raw_data_table,_raw_data_id,_raw_data_remark,base_repo_id,head_repo_id,status,title,description,url,author_name,author_id,parent_pr_id,pull_request_key,created_date,merged_date,closed_date,type,component,merge_commit_sha,head_ref,base_ref,base_commit_sha,head_commit_sha)
VALUES ('github:GithubPullRequest:1:14039830050','2023-4-18 11:9:20.916','2023-4-18 11:9:20.916','{"ConnectionId":1,"Name":"githubuser/newrepo"}','_raw_github_graphql_prs','43','DELETE_THIS','github:GithubRepo:1:57135124','github:GithubRepo:1:0','CLOSED','PR Title0','PR Description0','https://github.com/githubuser/newrepo/pull/1050','githubuser','888888','',1050,'2023-4-18 11:9:20.916',null,'2023-4-20 11:11:20.916','','','','feat/asdf0','master','alsdfjakljdfljsakl','asldfkasldkfjskd');

INSERT INTO pull_requests (id,created_at,updated_at,_raw_data_params,_raw_data_table,_raw_data_id,_raw_data_remark,base_repo_id,head_repo_id,status,title,description,url,author_name,author_id,parent_pr_id,pull_request_key,created_date,merged_date,closed_date,type,component,merge_commit_sha,head_ref,base_ref,base_commit_sha,head_commit_sha)
VALUES ('github:GithubPullRequest:1:14039830060','2023-3-2 11:9:20.916','2023-3-2 11:9:20.916','{"ConnectionId":1,"Name":"githubuser/newrepo"}','_raw_github_graphql_prs','43','DELETE_THIS','github:GithubRepo:1:57135124','github:GithubRepo:1:0','MERGED','PR Title0','PR Description0','https://github.com/githubuser/newrepo/pull/1060','githubuser','888888','',1060,'2023-3-2 11:9:20.916','2023-3-5 11:11:20.916',null,'','','','feat/asdf0','master','alsdfjakljdfljsakl','asldfkasldkfjskd');

INSERT INTO pull_requests (id,created_at,updated_at,_raw_data_params,_raw_data_table,_raw_data_id,_raw_data_remark,base_repo_id,head_repo_id,status,title,description,url,author_name,author_id,parent_pr_id,pull_request_key,created_date,merged_date,closed_date,type,component,merge_commit_sha,head_ref,base_ref,base_commit_sha,head_commit_sha)
VALUES ('github:GithubPullRequest:1:14039830070','2023-3-3 11:9:20.916','2023-3-3 11:9:20.916','{"ConnectionId":1,"Name":"githubuser/newrepo"}','_raw_github_graphql_prs','43','DELETE_THIS','github:GithubRepo:1:57135124','github:GithubRepo:1:0','OPEN','PR Title0','PR Description0','https://github.com/githubuser/newrepo/pull/1070','githubuser','888888','',1070,'2023-3-3 11:9:20.916',null,null,'','','','feat/asdf0','master','alsdfjakljdfljsakl','asldfkasldkfjskd');

INSERT INTO pull_requests (id,created_at,updated_at,_raw_data_params,_raw_data_table,_raw_data_id,_raw_data_remark,base_repo_id,head_repo_id,status,title,description,url,author_name,author_id,parent_pr_id,pull_request_key,created_date,merged_date,closed_date,type,component,merge_commit_sha,head_ref,base_ref,base_commit_sha,head_commit_sha)
VALUES ('github:GithubPullRequest:1:14039830080','2023-2-12 11:9:20.916','2023-2-12 11:9:20.916','{"ConnectionId":1,"Name":"githubuser/newrepo"}','_raw_github_graphql_prs','43','DELETE_THIS','github:GithubRepo:1:57135124','github:GithubRepo:1:0','CLOSED','PR Title0','PR Description0','https://github.com/githubuser/newrepo/pull/1080','githubuser','888888','',1080,'2023-2-12 11:9:20.916',null,'2023-2-12 11:11:20.916','','','','feat/asdf0','master','alsdfjakljdfljsakl','asldfkasldkfjskd');

INSERT INTO pull_requests (id,created_at,updated_at,_raw_data_params,_raw_data_table,_raw_data_id,_raw_data_remark,base_repo_id,head_repo_id,status,title,description,url,author_name,author_id,parent_pr_id,pull_request_key,created_date,merged_date,closed_date,type,component,merge_commit_sha,head_ref,base_ref,base_commit_sha,head_commit_sha)
VALUES ('github:GithubPullRequest:1:14039830100','2023-2-9 11:9:20.916','2023-2-9 11:9:20.916','{"ConnectionId":1,"Name":"githubuser/newrepo"}','_raw_github_graphql_prs','43','DELETE_THIS','github:GithubRepo:1:57135124','github:GithubRepo:1:0','MERGED','PR Title0','PR Description0','https://github.com/githubuser/newrepo/pull/1100','githubuser','888888','',1100,'2023-2-9 11:9:20.916','2023-2-11 11:11:20.916',null,'','','','feat/asdf0','master','alsdfjakljdfljsakl','asldfkasldkfjskd');

INSERT INTO pull_requests (id,created_at,updated_at,_raw_data_params,_raw_data_table,_raw_data_id,_raw_data_remark,base_repo_id,head_repo_id,status,title,description,url,author_name,author_id,parent_pr_id,pull_request_key,created_date,merged_date,closed_date,type,component,merge_commit_sha,head_ref,base_ref,base_commit_sha,head_commit_sha)
VALUES ('github:GithubPullRequest:1:14039830110','2023-2-9 11:9:20.916','2023-2-9 11:9:20.916','{"ConnectionId":1,"Name":"githubuser/newrepo"}','_raw_github_graphql_prs','43','DELETE_THIS','github:GithubRepo:1:57135124','github:GithubRepo:1:0','MERGED','PR Title0','PR Description0','https://github.com/githubuser/newrepo/pull/1110','githubuser2','888881','',1110,'2023-2-9 11:9:20.916','2023-2-11 11:11:20.916',null,'','','','feat/asdf0','master','alsdfjakljdfljsakl','asldfkasldkfjskd');

INSERT INTO pull_requests (id,created_at,updated_at,_raw_data_params,_raw_data_table,_raw_data_id,_raw_data_remark,base_repo_id,head_repo_id,status,title,description,url,author_name,author_id,parent_pr_id,pull_request_key,created_date,merged_date,closed_date,type,component,merge_commit_sha,head_ref,base_ref,base_commit_sha,head_commit_sha)
VALUES ('github:GithubPullRequest:1:14039830120','2023-1-23 11:9:20.916','2023-1-23 11:9:20.916','{"ConnectionId":1,"Name":"githubuser/newrepo"}','_raw_github_graphql_prs','43','DELETE_THIS','github:GithubRepo:1:57135124','github:GithubRepo:1:0','MERGED','PR Title0','PR Description0','https://github.com/githubuser/newrepo/pull/1120','githubuser2','888881','',1120,'2023-1-23 11:9:20.916','2023-1-27 11:11:20.916',null,'','','','feat/asdf0','master','alsdfjakljdfljsakl','asldfkasldkfjskd');

INSERT INTO pull_requests (id,created_at,updated_at,_raw_data_params,_raw_data_table,_raw_data_id,_raw_data_remark,base_repo_id,head_repo_id,status,title,description,url,author_name,author_id,parent_pr_id,pull_request_key,created_date,merged_date,closed_date,type,component,merge_commit_sha,head_ref,base_ref,base_commit_sha,head_commit_sha)
VALUES ('github:GithubPullRequest:1:14039830130','2023-1-23 11:9:20.916','2023-1-23 11:9:20.916','{"ConnectionId":1,"Name":"githubuser/newrepo"}','_raw_github_graphql_prs','43','DELETE_THIS','github:GithubRepo:1:57135124','github:GithubRepo:1:0','MERGED','PR Title0','PR Description0','https://github.com/githubuser/newrepo/pull/1130','githubuser3','888881','',1130,'2023-1-23 11:9:20.916','2023-1-27 11:11:20.916',null,'','','','feat/asdf0','master','alsdfjakljdfljsakl','asldfkasldkfjskd');


